{"Xsence":0.2310398519039154,"Ysence":0.20829534530639649}
