{"Xsence":0.7562500238418579,"Ysence":0.743750274181366}
