{"Xsence":0.14375004172325135,"Ysence":0.10000000149011612}
