{"Xsence":0.6770586371421814,"Ysence":0.529327392578125}
