{"Xsence":0.30000001192092898,"Ysence":0.33749982714653017}
