{"Xsence":0.21874982118606568,"Ysence":0.5749998092651367}
