{"Xsence":0.14998264610767365,"Ysence":0.12873592972755433}
