{"Xsence":0.6088588833808899,"Ysence":0.4552440643310547}
