{"Xsence":0.4749999940395355,"Ysence":0.506250262260437}
