{"Xsence":0.7874997854232788,"Ysence":0.6625000834465027}
