{"Xsence":0.15625004470348359,"Ysence":0.12812499701976777}
