{"Xsence":0.7999997735023499,"Ysence":0.818750262260437}
