{"Xsence":0.6993844509124756,"Ysence":0.43812087178230288}
