{"Xsence":0.1773456484079361,"Ysence":0.14733491837978364}
