{"Xsence":0.5787498354911804,"Ysence":0.31499963998794558}
