{"Xsence":0.7548171877861023,"Ysence":0.4809851348400116}
