{"Xsence":0.44666486978530886,"Ysence":0.3489203453063965}
