{"Xsence":0.8006113171577454,"Ysence":0.7593851089477539}
