{"Xsence":0.44081878662109377,"Ysence":0.31499963998794558}
