{"Xsence":0.40625,"Ysence":0.5749998092651367}
